V,k_target,k_actual,edge_count,skip_ratio,push_per_node,push_count,pop_count,skip_count,time_mean,time_std
1000,128,129.84,64920,0.757282,4.12,4120,4120,3120,0.074699,0.002662
1000,256,257.67,128833,0.778859,4.522,4522,4522,3522,0.147616,0.001987
1000,512,513.46,256730,0.792746,4.825,4825,4825,3825,0.183005,0.002794
10000,128,129.99,649938,0.750112,4.0018,40018,40018,30018,0.780676,0.174344
10000,256,257.97,1289872,0.776766,4.4796,44796,44796,34796,1.967856,0.209405
10000,512,513.95,2569762,0.792931,4.8293,48293,48293,38293,3.288447,0.756839
